phase	order	path	description
01_preprocessing	10	atlas_preintegration_template.R	Pre-integration orchestration template.
01_preprocessing	20	check_droplet_qc_preqc_outputs_all_projects.R	Cross-project droplet-QC/pre-QC validation.
01_preprocessing	30	run_final_qc_one_library.R	Final-QC processing for one library.
01_preprocessing	40	run_final_qc_all_libraries.sh	Final-QC orchestration across libraries.
01_preprocessing	50	check_final_qc_all_projects.R	Cross-project final-QC validation.
02_metadata	100	canonical_metadata_freeze_v2/build_canonical_metadata_freeze_v2.R	Canonical metadata construction/freeze.
02_metadata	100	canonical_metadata_freeze_v2/verify_canonical_metadata_freeze_v2.R	Canonical metadata construction/freeze.
03_feature_harmonization	100	gene_feature_mapping_v1/build_gene_feature_mapping_and_verify.R	Common Atlas feature-space construction/verification.
03_feature_harmonization	100	gene_feature_mapping_v1/verify_gene_feature_mapping_outputs.R	Common Atlas feature-space construction/verification.
04_integration	100	full_atlas_primary_integration_v1/00_common.R	Primary Atlas integration workflow.
04_integration	100	full_atlas_primary_integration_v1/01_transfer_full_annotations.R	Primary Atlas integration workflow.
04_integration	100	full_atlas_primary_integration_v1/02a_prepare_scmerge2_parallel_v1.R	Primary Atlas integration workflow.
04_integration	100	full_atlas_primary_integration_v1/02b_adjust_scmerge2_chunk_parallel_v1.R	Primary Atlas integration workflow.
04_integration	100	full_atlas_primary_integration_v1/02c_finalize_scmerge2_parallel_v1.R	Primary Atlas integration workflow.
04_integration	100	full_atlas_primary_integration_v1/02d_collect_scmerge2_parallel_v1.R	Primary Atlas integration workflow.
04_integration	100	full_atlas_primary_integration_v1/03_verify_full_primary.R	Primary Atlas integration workflow.
04_integration	100	full_atlas_primary_integration_v1/qsub_scmerge2_parallel_worker_v1.sh	Primary Atlas integration workflow.
04_integration	100	full_atlas_primary_integration_v1/submit_scmerge2_parallel_v1.sh	Primary Atlas integration workflow.
05_annotation	100	full_atlas_annotation_v1/01_cluster_integrated_compartment_v1.R	Atlas annotation, validation, reconciliation or freeze.
05_annotation	200	full_atlas_annotation_v1/02_collect_integrated_clustering_v1.R	Atlas annotation, validation, reconciliation or freeze.
05_annotation	300	full_atlas_annotation_v1/03_audit_monodc_provenance_v1.R	Atlas annotation, validation, reconciliation or freeze.
05_annotation	400	full_atlas_annotation_v1/04_build_tnk_native_marker_aggregates_v1.R	Atlas annotation, validation, reconciliation or freeze.
05_annotation	500	full_atlas_annotation_v1/05_build_tnk_annotation_decision_v1.R	Atlas annotation, validation, reconciliation or freeze.
05_annotation	600	full_atlas_annotation_v1/06_freeze_tnk_annotation_v1.R	Atlas annotation, validation, reconciliation or freeze.
05_annotation	700	full_atlas_annotation_v1/07_build_monodc_project_balanced_marker_audit_v1.R	Atlas annotation, validation, reconciliation or freeze.
05_annotation	800	full_atlas_annotation_v1/08_freeze_monodc_annotation_v1.R	Atlas annotation, validation, reconciliation or freeze.
05_annotation	900	full_atlas_annotation_v1/09_prepare_b_plasma_primary_cells_v1.R	Atlas annotation, validation, reconciliation or freeze.
05_annotation	1000	full_atlas_annotation_v1/10_prepare_b_plasma_pilot_cells_v1.R	Atlas annotation, validation, reconciliation or freeze.
05_annotation	1002	full_atlas_annotation_v1/10b_prepare_b_plasma_pilot_cells_v1.R	Atlas annotation, validation, reconciliation or freeze.
05_annotation	1003	full_atlas_annotation_v1/10c_prepare_b_plasma_pilot_primary_intersection_v1.R	Atlas annotation, validation, reconciliation or freeze.
05_annotation	1004	full_atlas_annotation_v1/10d_resolve_b_plasma_pilot_nonprimary_cells_v1.R	Atlas annotation, validation, reconciliation or freeze.
05_annotation	1100	full_atlas_annotation_v1/11_subcluster_b_plasma_pilot_native_v1.R	Atlas annotation, validation, reconciliation or freeze.
05_annotation	1102	full_atlas_annotation_v1/11b_subcluster_b_plasma_pilot_native_primary9997_v1.R	Atlas annotation, validation, reconciliation or freeze.
05_annotation	1200	full_atlas_annotation_v1/12_audit_b_plasma_project_balanced_markers_r0p4_v1.R	Atlas annotation, validation, reconciliation or freeze.
05_annotation	1300	full_atlas_annotation_v1/13_diagnose_b_plasma_remaining_clusters_v1.R	Atlas annotation, validation, reconciliation or freeze.
05_annotation	1400	full_atlas_annotation_v1/14_assign_b_plasma_underlying_identity_v1.R	Atlas annotation, validation, reconciliation or freeze.
05_annotation	1500	full_atlas_annotation_v1/15_freeze_b_plasma_pilot_annotation_v1.R	Atlas annotation, validation, reconciliation or freeze.
05_annotation	1600	full_atlas_annotation_v1/16_calibrate_b_plasma_full_transfer_v1.R	Atlas annotation, validation, reconciliation or freeze.
05_annotation	1700	full_atlas_annotation_v1/17_transfer_b_plasma_full_primary_v1.R	Atlas annotation, validation, reconciliation or freeze.
05_annotation	1702	full_atlas_annotation_v1/17b_rebuild_b_plasma_full_primary_outputs_v1.R	Atlas annotation, validation, reconciliation or freeze.
05_annotation	1800	full_atlas_annotation_v1/18_audit_b_plasma_full_native_modules_v1.R	Atlas annotation, validation, reconciliation or freeze.
05_annotation	1802	full_atlas_annotation_v1/18b_audit_b_plasma_state_project_baseline_v1.R	Atlas annotation, validation, reconciliation or freeze.
05_annotation	1900	full_atlas_annotation_v1/19_freeze_b_plasma_full_annotation_v1.R	Atlas annotation, validation, reconciliation or freeze.
05_annotation	2000	full_atlas_annotation_v1/20_audit_monodc_candidate_states_v1__20260814_234652.R	Atlas annotation, validation, reconciliation or freeze.
05_annotation	2100	full_atlas_annotation_v1/21_freeze_monodc_annotation_v1__20260815_000206.R	Atlas annotation, validation, reconciliation or freeze.
05_annotation	2200	full_atlas_annotation_v1/22_profile_remaining_compartments_v1__20260815_003212.R	Atlas annotation, validation, reconciliation or freeze.
05_annotation	2300	full_atlas_annotation_v1/23_build_neutrophil_project_native_clusters_v1__20260815_003923.R	Atlas annotation, validation, reconciliation or freeze.
05_annotation	2400	full_atlas_annotation_v1/24_build_neutrophil_native_pseudobulk_markers_v1__20260816_211610.R	Atlas annotation, validation, reconciliation or freeze.
05_annotation	2500	full_atlas_annotation_v1/25_map_neutrophil_cross_project_programs_v1__20260816_214319.R	Atlas annotation, validation, reconciliation or freeze.
05_annotation	2502	full_atlas_annotation_v1/25b_summarize_neutrophil_assignment_evidence_v1__20260816_221929.R	Atlas annotation, validation, reconciliation or freeze.
05_annotation	2600	full_atlas_annotation_v1/26_freeze_neutrophil_annotation_v1__20260816_222801.R	Atlas annotation, validation, reconciliation or freeze.
05_annotation	2700	full_atlas_annotation_v1/27_build_platelet_balanced_discovery_clustering_v1__fixed_20260816_225310.R	Atlas annotation, validation, reconciliation or freeze.
05_annotation	2800	full_atlas_annotation_v1/28_build_platelet_native_marker_aggregation_v1__20260816_232143.R	Atlas annotation, validation, reconciliation or freeze.
05_annotation	2900	full_atlas_annotation_v1/29_audit_platelet_native_programs_v1__20260817_085805.R	Atlas annotation, validation, reconciliation or freeze.
05_annotation	2902	full_atlas_annotation_v1/29b_correct_platelet_consensus_marker_screen_v1__20260817_090836.R	Atlas annotation, validation, reconciliation or freeze.
05_annotation	3000	full_atlas_annotation_v1/30_freeze_platelet_discovery_and_calibrate_transfer_v1__20260817_145402.R	Atlas annotation, validation, reconciliation or freeze.
05_annotation	3002	full_atlas_annotation_v1/30b_audit_platelet_transfer_precision_v1__20260817_151435.R	Atlas annotation, validation, reconciliation or freeze.
05_annotation	3100	full_atlas_annotation_v1/31_transfer_and_freeze_platelet_full_annotation_v1__20260817_151922.R	Atlas annotation, validation, reconciliation or freeze.
05_annotation	3200	full_atlas_annotation_v1/32_build_erythroid_balanced_discovery_clustering_v1__20260817_162337.R	Atlas annotation, validation, reconciliation or freeze.
05_annotation	3300	full_atlas_annotation_v1/33_build_erythroid_native_marker_aggregation_v1__20260817_170230.R	Atlas annotation, validation, reconciliation or freeze.
05_annotation	3400	full_atlas_annotation_v1/34_audit_erythroid_native_absolute_programs_v1__20260817_174815.R	Atlas annotation, validation, reconciliation or freeze.
05_annotation	3402	full_atlas_annotation_v1/34b_audit_erythroid_cell_level_lineage_codetection_v1__20260817_180836.R	Atlas annotation, validation, reconciliation or freeze.
05_annotation	3500	full_atlas_annotation_v1/35_freeze_erythroid_discovery_annotation_v1__20260817_222203.R	Atlas annotation, validation, reconciliation or freeze.
05_annotation	3600	full_atlas_annotation_v1/36_calibrate_erythroid_discovery_transfer_v1__20260817_222613.R	Atlas annotation, validation, reconciliation or freeze.
05_annotation	3700	full_atlas_annotation_v1/37_transfer_and_freeze_erythroid_full_annotation_v1__20260817_223951.R	Atlas annotation, validation, reconciliation or freeze.
05_annotation	3800	full_atlas_annotation_v1/38_build_progenitor_dominant_project_native_clusters_v1__20260817_231955.R	Atlas annotation, validation, reconciliation or freeze.
05_annotation	3900	full_atlas_annotation_v1/39_build_progenitor_native_library_markers_v1__20260818_092506.R	Atlas annotation, validation, reconciliation or freeze.
05_annotation	3902	full_atlas_annotation_v1/39b_audit_progenitor_native_absolute_programs_v1__20260818_120449.R	Atlas annotation, validation, reconciliation or freeze.
05_annotation	3903	full_atlas_annotation_v1/39c_audit_progenitor_cell_level_program_codetection_v1__20260818_123124.R	Atlas annotation, validation, reconciliation or freeze.
05_annotation	4000	full_atlas_annotation_v1/40_audit_progenitor_cross_project_program_replication_v1__20260818_132053.R	Atlas annotation, validation, reconciliation or freeze.
05_annotation	4100	full_atlas_annotation_v1/41_freeze_progenitor_discovery_annotation_v1__20260818_141804.R	Atlas annotation, validation, reconciliation or freeze.
05_annotation	4200	full_atlas_annotation_v1/42_validate_progenitor_leave_one_library_out_v1__20260818_143930.R	Atlas annotation, validation, reconciliation or freeze.
05_annotation	4300	full_atlas_annotation_v1/43_freeze_progenitor_full_annotation_v1__20260818_150658.R	Atlas annotation, validation, reconciliation or freeze.
05_annotation	4400	full_atlas_annotation_v1/44_build_global_deferred_reconciliation_inventory_v1__20260818_155505.R	Atlas annotation, validation, reconciliation or freeze.
05_annotation	4502	full_atlas_annotation_v1/45b_build_atlas_final_annotation_table_v2__20260818_224443.R	Atlas annotation, validation, reconciliation or freeze.
05_annotation	4600	full_atlas_annotation_v1/46_audit_atlas_global_qc_integrity_v2__20260818_224712.R	Atlas annotation, validation, reconciliation or freeze.
05_annotation	4700	full_atlas_annotation_v1/47_freeze_atlas_annotation_release_candidate_v1_fix1__20260818_230802.sh	Atlas annotation, validation, reconciliation or freeze.
